<?xml version="1.0" encoding="UTF-8"?>
<project-private xmlns="http://www.netbeans.org/ns/project-private/1">
    <editor-bookmarks xmlns="http://www.netbeans.org/ns/editor-bookmarks/2" lastBookmarkId="0"/>
    <open-files xmlns="http://www.netbeans.org/ns/projectui-open-files/2">
        <group>
            <file>file:/C:/Users/USUARIO/OneDrive/Documentos/NetBeansProjects/prueba%20vehiculo/src/co/edu/konradlorenz/model/Vehiculo.java</file>
            <file>file:/C:/Users/USUARIO/OneDrive/Documentos/NetBeansProjects/prueba%20vehiculo/src/co/edu/konradlorenz/view/Vista.java</file>
            <file>file:/C:/Users/USUARIO/OneDrive/Documentos/NetBeansProjects/prueba%20vehiculo/src/co/edu/konradlorenz/controller/Controlador.java</file>
            <file>file:/C:/Users/USUARIO/OneDrive/Documentos/NetBeansProjects/prueba%20vehiculo/src/co/edu/konradlorenz/model/Moto.java</file>
            <file>file:/C:/Users/USUARIO/OneDrive/Documentos/NetBeansProjects/prueba%20vehiculo/src/co/edu/konradlorenz/model/Carro.java</file>
            <file>file:/C:/Users/USUARIO/OneDrive/Documentos/NetBeansProjects/prueba%20vehiculo/src/co/edu/konradlorenz/model/Camion.java</file>
            <file>file:/C:/Users/USUARIO/OneDrive/Documentos/NetBeansProjects/prueba%20vehiculo/src/co/edu/konradlorenz/controller/AplMain.java</file>
            <file>file:/C:/Users/USUARIO/OneDrive/Documentos/NetBeansProjects/prueba%20vehiculo/src/co/edu/konradlorenz/model/Acciones.java</file>
        </group>
    </open-files>
</project-private>
